__v,_id,amount,assetName,assetSymbol,buyPrice,currency,id,purchaseDate
0,61fbc950679d1b4014972f02,127,Xiaomi,1810HK,1.63,€,61fbc950679d1b4014972f02,13.10.2020
0,61ffea0c84542442c486a222,2,Ping An Insurance,PAI,2,£,61ffea0c84542442c486a222,10.03.2021
0,620006f284542442c486a27f,1,China Overseas LI,COLI,1,£,620006f284542442c486a27f,-
0,620185b47ec19d3bc8abe3a9,11,Bank of china,BOC,112.213,£,620185b47ec19d3bc8abe3a9,12.10.2022
0,6213fdef5b620c1364935cd1,2,Rolls Royce,AAPL,2,£,6213fdef5b620c1364935cd1,-